{"Meaux":[487,168],"Amiens":[460,111],"Lille":[423,31],"Valenciennes":[533,46],"Charlesville-Mézières":[600,99],"Metz":[611,169],"Nancy":[607,212],"Epinal":[616,262],"Mulhouse":[658,299],"Besançon":[584,345],"Lyon":[620,475],"Saint-Etienne":[457,516],"Grenoble":[672,535],"Valence":[531,553],"Avigon":[569,609],"Marseille":[660,713],"Mantes-la-Ville":[407,209],"Rouen":[350,124],"Evreux":[310,188],"Chartres":[403,251],"Le Mans":[329,288],"Angers":[281,332],"Nantes":[141,347],"Poitiers":[249,406],"Angoulême":[315,493],"Bordeaux":[270,558],"Agen":[274,625],"Toulouse":[303,685],"Béziers":[502,721],"Montpellier":[455,666],"Nîmes":[572,676],"Mantes-la-Jolie":[408.22425845410123,211.9195010167923]}