{"Meaux":[491,184],"Amiens":[460,118],"Lille":[430,30],"Valenciennes":[531,48],"Charlesville-Mézières":[601,100],"Metz":[616,183],"Nancy":[617,223],"Epinal":[632,266],"Mulhouse":[656,301],"Besançon":[581,353],"Lyon":[618,490],"Saint-Etienne":[454,518],"Grenoble":[670,535],"Valence":[534,551],"Marseille":[655,688],"Rouen":[368,127],"Evreux":[312,194],"Chartres":[408,256],"Le Mans":[328,295],"Angers":[276,341],"Nantes":[171,313],"Poitiers":[249,415],"Angoulême":[319,499],"Bordeaux":[279,559],"Agen":[278,631],"Toulouse":[299,691],"Béziers":[504,732],"Montpellier":[455,666],"Nîmes":[569,683],"Mantes-la-Jolie":[412.22425845410123,161.9195010167923],"Avignon":[614.7605426455455,633.3364091480025],"Charleville-Mézières":[602.4757532594487,97.51907625544936]}